USE fgologserver;

INSERT INTO servant (name, image_url, thumbnail_url, level, is_has) VALUES ("Chloe von Einzbern", "view/assets/img/servant/Chloe.png", "view/assets/img/servant/thumb/Chloe.png", 100, true);
INSERT INTO servant (name, image_url, thumbnail_url, level, is_has) VALUES ("Mysterious Alter Ego Lambda", "view/assets/img/servant/Lambda.png", "view/assets/img/servant/thumb/Lambda.png", 100, true);
INSERT INTO servant (name, image_url, thumbnail_url, level, is_has) VALUES ("Astolfo", "view/assets/img/servant/Astolfo.png", "view/assets/img/servant/thumb/Astolfo.png", 100, true);
INSERT INTO servant (name, image_url, thumbnail_url, level, is_has) VALUES ("Sakatsuki Miyu", "view/assets/img/servant/Miyu.png", "view/assets/img/servant/thumb/Miyu.png", 100, true);
INSERT INTO servant (name, image_url, thumbnail_url, level, is_has) VALUES ("Osakabehime", "view/assets/img/servant/Osakabehime.png", "view/assets/img/servant/thumb/Osakabehime.png", 100, true);
INSERT INTO servant (name, image_url, thumbnail_url, level, is_has) VALUES ("BB (Summer)", "view/assets/img/servant/BB_Summer.png", "view/assets/img/servant/thumb/BB_Summer.png", 100, true);
INSERT INTO servant (name, image_url, thumbnail_url, level, is_has) VALUES ("Illyasviel von Einzbern", "view/assets/img/servant/Illya.png", "view/assets/img/servant/thumb/Illya.png", 96, true);
INSERT INTO servant (name, image_url, thumbnail_url, level, is_has) VALUES ("Xuanzang Sanzang", "view/assets/img/servant/Sanzang.png", "view/assets/img/servant/thumb/Sanzang.png", 96, true);
INSERT INTO servant (name, image_url, thumbnail_url, level, is_has) VALUES ("Ibuki Douji", "view/assets/img/servant/Ibuki.png", "view/assets/img/servant/thumb/Ibuki.png", 90, true);
INSERT INTO servant (name, image_url, thumbnail_url, level, is_has) VALUES ("Astolfo (Christmas)", "view/assets/img/servant/Astolfo_Christmas.png", "view/assets/img/servant/thumb/Astolfo_Christmas.png", 90, true);
INSERT INTO servant (name, image_url, thumbnail_url, level, is_has) VALUES ("Mordred", "view/assets/img/servant/Mordred.png", "view/assets/img/servant/thumb/Mordred.png", 90, true);
INSERT INTO servant (name, image_url, thumbnail_url, level, is_has) VALUES ("Altera", "view/assets/img/servant/Altera.png", "view/assets/img/servant/thumb/Altera.png", 90, true);
INSERT INTO servant (name, image_url, thumbnail_url, level, is_has) VALUES ("Super Orion", "view/assets/img/servant/Super_Orion.png", "view/assets/img/servant/thumb/Super_Orion.png", 90, true);
INSERT INTO servant (name, image_url, thumbnail_url, level, is_has) VALUES ("Bradamante", "view/assets/img/servant/Bradamante.png", "view/assets/img/servant/thumb/Bradamante.png", 90, true);
INSERT INTO servant (name, image_url, thumbnail_url, level, is_has) VALUES ("Tamamo no Mae (Summer)", "view/assets/img/servant/Tamamo_Summer.png", "view/assets/img/servant/thumb/Tamamo_Summer.png", 90, true);
INSERT INTO servant (name, image_url, thumbnail_url, level, is_has) VALUES ("Achilles", "view/assets/img/servant/Achilles.png", "view/assets/img/servant/thumb/Achilles.png", 90, true);
INSERT INTO servant (name, image_url, thumbnail_url, level, is_has) VALUES ("Nero Claudius (Summer)", "view/assets/img/servant/Nero_Summer.png", "view/assets/img/servant/thumb/Nero_Summer.png", 90, true);
INSERT INTO servant (name, image_url, thumbnail_url, level, is_has) VALUES ("Mysterious Heroine X", "view/assets/img/servant/X.png", "view/assets/img/servant/thumb/X.png", 90, true);
INSERT INTO servant (name, image_url, thumbnail_url, level, is_has) VALUES ("Jack the Ripper", "view/assets/img/servant/Jack.png", "view/assets/img/servant/thumb/Jack.png", 90, true);
INSERT INTO servant (name, image_url, thumbnail_url, level, is_has) VALUES ("Jeanne d'Arc Alter", "view/assets/img/servant/Jalter.png", "view/assets/img/servant/thumb/Jalter.png", 90, true);
INSERT INTO servant (name, image_url, thumbnail_url, level, is_has) VALUES ("Ganesha", "view/assets/img/servant/Ganesha.png", "view/assets/img/servant/thumb/Ganesha.png", 90, true);
INSERT INTO servant (name, image_url, thumbnail_url, level, is_has) VALUES ("Van Gogh", "view/assets/img/servant/Van_Gogh.png", "view/assets/img/servant/thumb/Van_Gogh.png", 90, true);
INSERT INTO servant (name, image_url, thumbnail_url, level, is_has) VALUES ("Abigail Williams", "view/assets/img/servant/Abby.png", "view/assets/img/servant/thumb/Abby.png", 90, true);
INSERT INTO servant (name, image_url, thumbnail_url, level, is_has) VALUES ("Paul Bunyan", "view/assets/img/servant/Bunyan.png", "view/assets/img/servant/thumb/Bunyan.png", 85, true);
INSERT INTO servant (name, image_url, thumbnail_url, level, is_has) VALUES ("Karna (Santa)", "view/assets/img/servant/Karna_Santa.png", "view/assets/img/servant/thumb/Karna_Santa.png", 80, true);
INSERT INTO servant (name, image_url, thumbnail_url, level, is_has) VALUES ("Tomoe Gozen (Summer)", "view/assets/img/servant/Tomoe_Summer.png", "view/assets/img/servant/thumb/Tomoe_Summer.png", 80, true);
INSERT INTO servant (name, image_url, thumbnail_url, level, is_has) VALUES ("Katsushika Hokusai (Summer)", "view/assets/img/servant/Hokusai_Summer.png", "view/assets/img/servant/thumb/Hokusai_Summer.png", 80, true);
INSERT INTO servant (name, image_url, thumbnail_url, level, is_has) VALUES ("Lan Ling Wang", "view/assets/img/servant/Lan_Ling.png", "view/assets/img/servant/thumb/Lan_Ling.png", 80, true);
INSERT INTO servant (name, image_url, thumbnail_url, level, is_has) VALUES ("Queen Medb (Summer)", "view/assets/img/servant/Medb_Summer.png", "view/assets/img/servant/thumb/Medb_Summer.png", 80, true);
INSERT INTO servant (name, image_url, thumbnail_url, level, is_has) VALUES ("Suzuka Gozen", "view/assets/img/servant/Suzuka.png", "view/assets/img/servant/thumb/Suzuka.png", 80, true);
INSERT INTO servant (name, image_url, thumbnail_url, level, is_has) VALUES ("Siegfried", "view/assets/img/servant/Siegfried.png", "view/assets/img/servant/thumb/Siegfried.png", 80, true);
INSERT INTO servant (name, image_url, thumbnail_url, level, is_has) VALUES ("Nero Claudius", "view/assets/img/servant/Nero.png", "view/assets/img/servant/thumb/Nero.png", 80, true);
INSERT INTO servant (name, image_url, thumbnail_url, level, is_has) VALUES ("Altria Lily", "view/assets/img/servant/Altria_Lily.png", "view/assets/img/servant/thumb/Altria_Lily.png", 80, true);
INSERT INTO servant (name, image_url, thumbnail_url, level, is_has) VALUES ("Altria Alter", "view/assets/img/servant/Altria_Alter.png", "view/assets/img/servant/thumb/Altria_Alter.png", 80, true);
INSERT INTO servant (name, image_url, thumbnail_url, level, is_has) VALUES ("Florence Nightingale (Santa)", "view/assets/img/servant/Nightingale_Santa.png", "view/assets/img/servant/thumb/Nightingale_Santa.png", 80, true);
INSERT INTO servant (name, image_url, thumbnail_url, level, is_has) VALUES ("Calamity Jane", "view/assets/img/servant/Jane.png", "view/assets/img/servant/thumb/Jane.png", 80, true);
INSERT INTO servant (name, image_url, thumbnail_url, level, is_has) VALUES ("Altera (Santa)", "view/assets/img/servant/Altera_Santa.png", "view/assets/img/servant/thumb/Altera_Santa.png", 80, true);
INSERT INTO servant (name, image_url, thumbnail_url, level, is_has) VALUES ("Tomoe Gozen", "view/assets/img/servant/Tomoe.png", "view/assets/img/servant/thumb/Tomoe.png", 80, true);
INSERT INTO servant (name, image_url, thumbnail_url, level, is_has) VALUES ("Yu Mei-ren (Summer)", "view/assets/img/servant/Yu_Summer.png", "view/assets/img/servant/thumb/Yu_Summer.png", 80, true);
INSERT INTO servant (name, image_url, thumbnail_url, level, is_has) VALUES ("Utsumi Erice", "view/assets/img/servant/Erice.png", "view/assets/img/servant/thumb/Erice.png", 80, true);
INSERT INTO servant (name, image_url, thumbnail_url, level, is_has) VALUES ("Nagao Kagetora", "view/assets/img/servant/Kagetora.png", "view/assets/img/servant/thumb/Kagetora.png", 80, true);
INSERT INTO servant (name, image_url, thumbnail_url, level, is_has) VALUES ("Valkyrie", "view/assets/img/servant/Valkyrie.png", "view/assets/img/servant/thumb/Valkyrie.png", 80, true);
INSERT INTO servant (name, image_url, thumbnail_url, level, is_has) VALUES ("Medusa Lily", "view/assets/img/servant/Medusa_Lily.png", "view/assets/img/servant/thumb/Medusa_Lily.png", 80, true);
INSERT INTO servant (name, image_url, thumbnail_url, level, is_has) VALUES ("Jeanne d'Arc Alter Lily", "view/assets/img/servant/Jailter.png", "view/assets/img/servant/thumb/Jailter.png", 80, true);
INSERT INTO servant (name, image_url, thumbnail_url, level, is_has) VALUES ("Gareth", "view/assets/img/servant/Gareth.png", "view/assets/img/servant/thumb/Gareth.png", 80, true);
INSERT INTO servant (name, image_url, thumbnail_url, level, is_has) VALUES ("Mary Read", "view/assets/img/servant/Mary.png", "view/assets/img/servant/thumb/Mary.png", 80, true);
INSERT INTO servant (name, image_url, thumbnail_url, level, is_has) VALUES ("Marie Antoinette", "view/assets/img/servant/Marie.png", "view/assets/img/servant/thumb/Marie.png", 80, true);
INSERT INTO servant (name, image_url, thumbnail_url, level, is_has) VALUES ("Tamamo no Mae", "view/assets/img/servant/Tamamo.png", "view/assets/img/servant/thumb/Tamamo.png", 80, true);
INSERT INTO servant (name, image_url, thumbnail_url, level, is_has) VALUES ("Shuten Douji (Caster)", "view/assets/img/servant/Shuten_Caster.png", "view/assets/img/servant/thumb/Shuten_Caster.png", 80, true);
INSERT INTO servant (name, image_url, thumbnail_url, level, is_has) VALUES ("Sieg", "view/assets/img/servant/Sieg.png", "view/assets/img/servant/thumb/Sieg.png", 80, true);
INSERT INTO servant (name, image_url, thumbnail_url, level, is_has) VALUES ("Queen of Sheba", "view/assets/img/servant/Sheba.png", "view/assets/img/servant/thumb/Sheba.png", 80, true);
INSERT INTO servant (name, image_url, thumbnail_url, level, is_has) VALUES ("King Gilgamesh", "view/assets/img/servant/King_Gil.png", "view/assets/img/servant/thumb/King_Gil.png", 80, true);
INSERT INTO servant (name, image_url, thumbnail_url, level, is_has) VALUES ("Irisviel von Einzbern", "view/assets/img/servant/Irisviel.png", "view/assets/img/servant/thumb/Irisviel.png", 80, true);
INSERT INTO servant (name, image_url, thumbnail_url, level, is_has) VALUES ("Kiichi Hogen", "view/assets/img/servant/Hogen.png", "view/assets/img/servant/thumb/Hogen.png", 80, true);
INSERT INTO servant (name, image_url, thumbnail_url, level, is_has) VALUES ("Okita Souji (Summer)", "view/assets/img/servant/Okita_Summer.png", "view/assets/img/servant/thumb/Okita_Summer.png", 80, true);
INSERT INTO servant (name, image_url, thumbnail_url, level, is_has) VALUES ("Gray", "view/assets/img/servant/Gray.png", "view/assets/img/servant/thumb/Gray.png", 80, true);
INSERT INTO servant (name, image_url, thumbnail_url, level, is_has) VALUES ("Ushiwakamaru (Summer)", "view/assets/img/servant/Ushiwaka_Summer.png", "view/assets/img/servant/thumb/Ushiwaka_Summer.png", 80, true);
INSERT INTO servant (name, image_url, thumbnail_url, level, is_has) VALUES ("Mochizuki Chiyome", "view/assets/img/servant/Chiyome.png", "view/assets/img/servant/thumb/Chiyome.png", 80, true);
INSERT INTO servant (name, image_url, thumbnail_url, level, is_has) VALUES ("Nitocris (Summer)", "view/assets/img/servant/Nitocris_Summer.png", "view/assets/img/servant/thumb/Nitocris_Summer.png", 80, true);
INSERT INTO servant (name, image_url, thumbnail_url, level, is_has) VALUES ("Wu Zetian", "view/assets/img/servant/Wu.png", "view/assets/img/servant/thumb/Wu.png", 80, true);
INSERT INTO servant (name, image_url, thumbnail_url, level, is_has) VALUES ("Stheno", "view/assets/img/servant/Stheno.png", "view/assets/img/servant/thumb/Stheno.png", 80, true);
INSERT INTO servant (name, image_url, thumbnail_url, level, is_has) VALUES ("Minamoto no Raikou", "view/assets/img/servant/Raikou.png", "view/assets/img/servant/thumb/Raikou.png", 80, true);
INSERT INTO servant (name, image_url, thumbnail_url, level, is_has) VALUES ("Jeanne d'Arc Alter (Summer)", "view/assets/img/servant/Jalter_Summer.png", "view/assets/img/servant/thumb/Jalter_Summer.png", 80, true);
INSERT INTO servant (name, image_url, thumbnail_url, level, is_has) VALUES ("Atalante Alter", "view/assets/img/servant/Atalante_Alter.png", "view/assets/img/servant/thumb/Atalante_Alter.png", 80, true);
INSERT INTO servant (name, image_url, thumbnail_url, level, is_has) VALUES ("Oda Nobunaga (Summer)", "view/assets/img/servant/Nobbu_Summer.png", "view/assets/img/servant/thumb/Nobbu_Summer.png", 80, true);
INSERT INTO servant (name, image_url, thumbnail_url, level, is_has) VALUES ("Penthesilea", "view/assets/img/servant/Penthesilea.png", "view/assets/img/servant/thumb/Penthesilea.png", 80, true);
INSERT INTO servant (name, image_url, thumbnail_url, level, is_has) VALUES ("Martha (Summer)", "view/assets/img/servant/Martha_Summer.png", "view/assets/img/servant/thumb/Martha_Summer.png", 80, true);
INSERT INTO servant (name, image_url, thumbnail_url, level, is_has) VALUES ("Mecha Eli", "view/assets/img/servant/Mecha_Eli.png", "view/assets/img/servant/thumb/Mecha_Eli.png", 80, true);
INSERT INTO servant (name, image_url, thumbnail_url, level, is_has) VALUES ("Passionlip", "view/assets/img/servant/Lip.png", "view/assets/img/servant/thumb/Lip.png", 80, true);
INSERT INTO servant (name, image_url, thumbnail_url, level, is_has) VALUES ("Mysterious Heroine XX", "view/assets/img/servant/XX.png", "view/assets/img/servant/thumb/XX.png", 80, true);
INSERT INTO servant (name, image_url, thumbnail_url, level, is_has) VALUES ("Mash Kyrielight", "view/assets/img/servant/Mash.png", "view/assets/img/servant/thumb/Mash.png", 80, true);
INSERT INTO servant (name, image_url, thumbnail_url, level, is_has) VALUES ("BB", "view/assets/img/servant/BB.png", "view/assets/img/servant/thumb/BB.png", 79, true);
INSERT INTO servant (name, image_url, thumbnail_url, level, is_has) VALUES ("Nursery Rhyme", "view/assets/img/servant/Nursery.png", "view/assets/img/servant/thumb/Nursery.png", 73, true);
INSERT INTO servant (name, image_url, thumbnail_url, level, is_has) VALUES ("Helena Blavatsky", "view/assets/img/servant/Helena.png", "view/assets/img/servant/thumb/Helena.png", 72, true);
INSERT INTO servant (name, image_url, thumbnail_url, level, is_has) VALUES ("Elizabeth Bathory (Brave)", "view/assets/img/servant/Eli_Brave.png", "view/assets/img/servant/thumb/Eli_Brave.png", 70, true);
INSERT INTO servant (name, image_url, thumbnail_url, level, is_has) VALUES ("Chevalier d'Eon", "view/assets/img/servant/Deon.png", "view/assets/img/servant/thumb/Deon.png", 70, true);
INSERT INTO servant (name, image_url, thumbnail_url, level, is_has) VALUES ("Anne Bonny", "view/assets/img/servant/Anne.png", "view/assets/img/servant/thumb/Anne.png", 70, true);
INSERT INTO servant (name, image_url, thumbnail_url, level, is_has) VALUES ("Oda Nobunaga", "view/assets/img/servant/Nobbu.png", "view/assets/img/servant/thumb/Nobbu.png", 70, true);
INSERT INTO servant (name, image_url, thumbnail_url, level, is_has) VALUES ("Arash", "view/assets/img/servant/Arash.png", "view/assets/img/servant/thumb/Arash.png", 70, true);
INSERT INTO servant (name, image_url, thumbnail_url, level, is_has) VALUES ("Kiyohime (Summer)", "view/assets/img/servant/Kiyohime_Summer.png", "view/assets/img/servant/thumb/Kiyohime_Summer.png", 70, true);
INSERT INTO servant (name, image_url, thumbnail_url, level, is_has) VALUES ("Elizabeth Bathory", "view/assets/img/servant/Eli.png", "view/assets/img/servant/thumb/Eli.png", 70, true);
INSERT INTO servant (name, image_url, thumbnail_url, level, is_has) VALUES ("Ishtar (Summer)", "view/assets/img/servant/Ishtar_Summer.png", "view/assets/img/servant/thumb/Ishtar_Summer.png", 70, true);
INSERT INTO servant (name, image_url, thumbnail_url, level, is_has) VALUES ("Mandricardo", "view/assets/img/servant/Mandricardo.png", "view/assets/img/servant/thumb/Mandricardo.png", 70, true);
INSERT INTO servant (name, image_url, thumbnail_url, level, is_has) VALUES ("Nitocris", "view/assets/img/servant/Nitocris.png", "view/assets/img/servant/thumb/Nitocris.png", 70, true);
INSERT INTO servant (name, image_url, thumbnail_url, level, is_has) VALUES ("Hans Christian Andersen", "view/assets/img/servant/Andersen.png", "view/assets/img/servant/thumb/Andersen.png", 70, true);
INSERT INTO servant (name, image_url, thumbnail_url, level, is_has) VALUES ("Scathach (Summer)", "view/assets/img/servant/Scathach_Summer.png", "view/assets/img/servant/thumb/Scathach_Summer.png", 70, true);
INSERT INTO servant (name, image_url, thumbnail_url, level, is_has) VALUES ("Chacha", "view/assets/img/servant/Chacha.png", "view/assets/img/servant/thumb/Chacha.png", 70, true);
INSERT INTO servant (name, image_url, thumbnail_url, level, is_has) VALUES ("Ibaraki Douji", "view/assets/img/servant/Ibaraki.png", "view/assets/img/servant/thumb/Ibaraki.png", 70, true);
INSERT INTO servant (name, image_url, thumbnail_url, level, is_has) VALUES ("Frankenstein", "view/assets/img/servant/Fran.png", "view/assets/img/servant/thumb/Fran.png", 70, true);
INSERT INTO servant (name, image_url, thumbnail_url, level, is_has) VALUES ("Tamamo Cat", "view/assets/img/servant/Tamamo_Cat.png", "view/assets/img/servant/thumb/Tamamo_Cat.png", 70, true);
INSERT INTO servant (name, image_url, thumbnail_url, level, is_has) VALUES ("Gorgon", "view/assets/img/servant/Gorgon.png", "view/assets/img/servant/thumb/Gorgon.png", 70, true);
INSERT INTO servant (name, image_url, thumbnail_url, level, is_has) VALUES ("Antonio Salieri", "view/assets/img/servant/Salieri.png", "view/assets/img/servant/thumb/Salieri.png", 70, true);
INSERT INTO servant (name, image_url, thumbnail_url, level, is_has) VALUES ("Paris", "view/assets/img/servant/Paris.png", "view/assets/img/servant/thumb/Paris.png", 65, true);
INSERT INTO servant (name, image_url, thumbnail_url, level, is_has) VALUES ("Salome", "view/assets/img/servant/Salome.png", "view/assets/img/servant/thumb/Salome.png", 65, true);
INSERT INTO servant (name, image_url, thumbnail_url, level, is_has) VALUES ("Kid Gil", "view/assets/img/servant/Kid_Gil.png", "view/assets/img/servant/thumb/Kid_Gil.png", 60, true);
INSERT INTO servant (name, image_url, thumbnail_url, level, is_has) VALUES ("Euryale", "view/assets/img/servant/Euryale.png", "view/assets/img/servant/thumb/Euryale.png", 60, true);
INSERT INTO servant (name, image_url, thumbnail_url, level, is_has) VALUES ("Oda Nobukatsu", "view/assets/img/servant/Nobukatsu.png", "view/assets/img/servant/thumb/Nobukatsu.png", 60, true);
INSERT INTO servant (name, image_url, thumbnail_url, level, is_has) VALUES ("Ushiwakamaru", "view/assets/img/servant/Ushiwaka.png", "view/assets/img/servant/thumb/Ushiwaka.png", 60, true);
INSERT INTO servant (name, image_url, thumbnail_url, level, is_has) VALUES ("Boudica", "view/assets/img/servant/Boudica.png", "view/assets/img/servant/thumb/Boudica.png", 60, true);
INSERT INTO servant (name, image_url, thumbnail_url, level, is_has) VALUES ("Medusa", "view/assets/img/servant/Medusa.png", "view/assets/img/servant/thumb/Medusa.png", 60, true);
INSERT INTO servant (name, image_url, thumbnail_url, level, is_has) VALUES ("Hassan of the Serenity", "view/assets/img/servant/Serenity.png", "view/assets/img/servant/thumb/Serenity.png", 60, true);
INSERT INTO servant (name, image_url, thumbnail_url, level, is_has) VALUES ("Charlotte Corday", "view/assets/img/servant/Charlotte.png", "view/assets/img/servant/thumb/Charlotte.png", 60, true);
INSERT INTO servant (name, image_url, thumbnail_url, level, is_has) VALUES ("Mata Hari", "view/assets/img/servant/Mata_Hari.png", "view/assets/img/servant/thumb/Mata_Hari.png", 60, true);
INSERT INTO servant (name, image_url, thumbnail_url, level, is_has) VALUES ("Kiyohime", "view/assets/img/servant/Kiyohime.png", "view/assets/img/servant/thumb/Kiyohime.png", 60, true);
INSERT INTO servant (name, image_url, thumbnail_url, is_has) VALUES ("Manannan mac Lir", "view/assets/img/servant/Bazett.png", "view/assets/img/servant/thumb/Bazett.png", false);
INSERT INTO servant (name, image_url, thumbnail_url, is_has) VALUES ("Hai Ba Trung", "view/assets/img/servant/Trung_Sisters.png", "view/assets/img/servant/thumb/Trung_Sisters.png", false);
INSERT INTO servant (name, image_url, thumbnail_url, is_has) VALUES ("Kukulkan", "view/assets/img/servant/Kukulkan.png", "view/assets/img/servant/thumb/Kukulkan.png", false);
INSERT INTO servant (name, image_url, thumbnail_url, is_has) VALUES ("Jacques de Molay", "view/assets/img/servant/Molay.png", "view/assets/img/servant/thumb/Molay.png", false);
INSERT INTO servant (name, image_url, thumbnail_url, is_has) VALUES ("Lady Avalon", "view/assets/img/servant/Avalon.png", "view/assets/img/servant/thumb/Avalon.png", false);
INSERT INTO servant (name, image_url, thumbnail_url, is_has) VALUES ("Koyanskaya of Light", "view/assets/img/servant/koyanskaya.png", "view/assets/img/servant/thumb/koyanskaya.png", false);
INSERT INTO servant (name, image_url, thumbnail_url, is_has) VALUES ("Charlotte Corday (Summer)", "view/assets/img/servant/Charlotte_Summer.png", "view/assets/img/servant/thumb/Charlotte_Summer.png", false);
INSERT INTO servant (name, image_url, thumbnail_url, is_has) VALUES ("Zhuge Liang", "view/assets/img/servant/Liang.png", "view/assets/img/servant/thumb/Liang.png", false);
INSERT INTO servant (name, image_url, thumbnail_url, is_has) VALUES ("Zhuge Liang", "view/assets/img/servant/Liang.png", "view/assets/img/servant/thumb/Liang.png", false);

INSERT INTO wish_item (servant_id) VALUES (106);
INSERT INTO wish_item (servant_id) VALUES (107);
INSERT INTO wish_item (servant_id) VALUES (108);
INSERT INTO wish_item (servant_id) VALUES (109);
INSERT INTO wish_item (servant_id) VALUES (110);
INSERT INTO wish_item (servant_id) VALUES (111);

INSERT INTO skill (`name`, `level`, `image_url`, `seq`, `servant_id`) VALUES ('Eye of the Mind (False) B', 10, 'view/assets/img/skill/1.png', 1, 1);
INSERT INTO skill (`name`, `level`, `image_url`, `seq`, `servant_id`) VALUES ('Projection Magecraft B', 10, 'view/assets/img/skill/2.png', 2, 1);
INSERT INTO skill (`name`, `level`, `image_url`, `seq`, `servant_id`) VALUES ('Kiss Demon B', 10, 'view/assets/img/skill/3.png', 3, 1);

INSERT INTO material (id, name, number, image_url) VALUES (1, 'Saint Quartz', 91, 'view/assets/img/material/Saint_Quartz.png');
INSERT INTO material (id, name, number, image_url) VALUES (2, 'Summon Ticket', 0, 'view/assets/img/material/Ticket.png');
INSERT INTO material (id, name, number, image_url) VALUES (3, 'Stimulus Gunpowder', 65, 'view/assets/img/material/Stimulus_Gunpowder.png');
INSERT INTO material (id, name, number, image_url) VALUES (4, 'Mystical Spinal Fluid', 228, 'view/assets/img/material/Mystical_Spinal_Fluid.png');
INSERT INTO material (id, name, number, image_url) VALUES (5, 'Void\'s Dust', 157, 'view/assets/img/material/Void_Dust.png');
INSERT INTO material (id, name, number, image_url) VALUES (6, 'Reactor Core of Dawn', 151, 'view/assets/img/material/Reactor.png');
INSERT INTO material (id, name, number, image_url) VALUES (7, 'Cursed Beast Gallstone', 111, 'view/assets/img/material/Gallstone.png');
INSERT INTO material (id, name, number, image_url) VALUES (8, 'Stake of Wailing Night', 146, 'view/assets/img/material/Stake.png');
INSERT INTO material (id, name, number, image_url) VALUES (9, 'Egg of Truth', 107, 'view/assets/img/material/Egg.png');
INSERT INTO material (id, name, number, image_url) VALUES (10, 'Assassin Piece', 124, 'view/assets/img/material/Assassin_Silver.png');
INSERT INTO material (id, name, number, image_url) VALUES (11, 'Assassin Monument', 93, 'view/assets/img/material/Assassin_Gold.png');
INSERT INTO material (id, name, number, image_url) VALUES (12, 'Gem of Assassin', 139, 'view/assets/img/material/Assassin_Blue.png');
INSERT INTO material (id, name, number, image_url) VALUES (13, 'Magic Gem of Assassin', 100, 'view/assets/img/material/Assassin_Red.png');
INSERT INTO material (id, name, number, image_url) VALUES (14, 'Secret Gem of Assassin', 44, 'view/assets/img/material/Assassin_Yellow.png');
INSERT INTO material (id, name, number, image_url) VALUES (15, 'Arrowhead of Malice', 32, 'view/assets/img/material/Stand_Arrow.png');
INSERT INTO material (id, name, number, image_url) VALUES (16, 'Sun Leather', 0, 'view/assets/img/material/Sun_Leather.png');
INSERT INTO material (id, name, number, image_url) VALUES (17, 'Crystallized Lore', 0, 'view/assets/img/material/Lore.png');
INSERT INTO material (id, name, number, image_url) VALUES (18, 'Hellfire of Wishdom', 0, 'view/assets/img/material/Hellfire.png');
INSERT INTO material (id, name, number, image_url) VALUES (19, 'Holy Grail', 0, 'view/assets/img/material/Grail.png');
INSERT INTO material (id, name, number, image_url) VALUES (20, 'QP', 0, 'view/assets/img/material/QP.png');

INSERT INTO party (`id`,`name`) VALUES (1, 'Shell farm (Babylonia - Observatory');

INSERT INTO `party_member` (`seq`, `party_id`, `servant_id`) VALUES (1, 1, 14);
INSERT INTO `party_member` (`seq`, `party_id`, `servant_id`) VALUES (2, 1, 36);
INSERT INTO `party_member` (`seq`, `party_id`, `servant_id`) VALUES (3, 1, 112);
INSERT INTO `party_member` (`seq`, `party_id`, `servant_id`) VALUES (4, 1, 7);

INSERT INTO task (id, goal, progress, status, material_id) VALUES (1, 161, 65, 'IN_PROGRESS', 3);
INSERT INTO task (id, goal, progress, status, material_id) VALUES (2, 72, 32, 'IN_PROGRESS', 15);
INSERT INTO task (id, goal, progress, status, material_id) VALUES (3, 5, 0, 'IN_PROGRESS', 16);
INSERT INTO task (id, goal, progress, status, material_id) VALUES (4, 51, 44, 'IN_PROGRESS', 14);
INSERT INTO task (id, goal, progress, status, material_id) VALUES (5, 3, 0, 'IN_PROGRESS', 17);
INSERT INTO task (id, goal, progress, status, material_id) VALUES (6, 5, 0, 'IN_PROGRESS', 19);
INSERT INTO task (id, goal, progress, status, material_id) VALUES (7, 251, 0, 'IN_PROGRESS', 18);
INSERT INTO task (id, goal, progress, status, material_id) VALUES (8, 200000000, 0, 'IN_PROGRESS', 20);

INSERT INTO fgologserver.command_card(type, seq, servant_id) VALUES ('QUICK', 1, 1);
INSERT INTO fgologserver.command_card(type, seq, servant_id) VALUES ('QUICK', 2, 1);
INSERT INTO fgologserver.command_card(type, seq, servant_id, command_code_id) VALUES ('ARTS', 3, 1, 1);
INSERT INTO fgologserver.command_card(type, seq, servant_id) VALUES ('ARTS', 4, 1);
INSERT INTO fgologserver.command_card(type, seq, servant_id) VALUES ('BUSTER', 5, 1);

INSERT INTO fgologserver.command_code(id, name) VALUES (1, 'Love Hunter');